Date of analysis,Country,Total country population,Validity period,From,To,Phase,Number,Percentage
#date+analysis,#country+code,#population,#period+v_ipc,#date+start,#date+end,#severity+v_ipc,#affected+num,#affected+pct
Mar 2024,AFG,44532600,current,2024-03-01,2024-04-30,all,44532600,1.0
Mar 2024,AFG,44532600,current,2024-03-01,2024-04-30,3+,14208000,0.32
Mar 2024,AFG,44532600,current,2024-03-01,2024-04-30,1,14114122,0.32
Mar 2024,AFG,44532600,current,2024-03-01,2024-04-30,2,16210478,0.36
Mar 2024,AFG,44532600,current,2024-03-01,2024-04-30,3,11287840,0.25
Mar 2024,AFG,44532600,current,2024-03-01,2024-04-30,4,2920160,0.07
Mar 2024,AFG,44532600,current,2024-03-01,2024-04-30,5,0,0
Mar 2024,AFG,44532600,first projection,2024-05-01,2024-10-31,all,44532600,1.0
Mar 2024,AFG,44532600,first projection,2024-05-01,2024-10-31,3+,12369627,0.28
Mar 2024,AFG,44532600,first projection,2024-05-01,2024-10-31,1,14857610,0.33
Mar 2024,AFG,44532600,first projection,2024-05-01,2024-10-31,2,17305363,0.39
Mar 2024,AFG,44532600,first projection,2024-05-01,2024-10-31,3,10000354,0.23
Mar 2024,AFG,44532600,first projection,2024-05-01,2024-10-31,4,2369273,0.05
Mar 2024,AFG,44532600,first projection,2024-05-01,2024-10-31,5,0,0
Jun 2021,AGO,32097671,current,2021-06-01,2021-09-30,all,2667790,1.0
Jun 2021,AGO,32097671,current,2021-06-01,2021-09-30,3+,1315532,0.49
Jun 2021,AGO,32097671,current,2021-06-01,2021-09-30,1,531260,0.2
Jun 2021,AGO,32097671,current,2021-06-01,2021-09-30,2,820998,0.31
Jun 2021,AGO,32097671,current,2021-06-01,2021-09-30,3,1008245,0.38
Jun 2021,AGO,32097671,current,2021-06-01,2021-09-30,4,307288,0.12
Jun 2021,AGO,32097671,current,2021-06-01,2021-09-30,5,0,0
Jun 2021,AGO,32097671,first projection,2021-10-01,2022-03-31,all,2750124,1.0
Jun 2021,AGO,32097671,first projection,2021-10-01,2022-03-31,3+,1583996,0.58
Jun 2021,AGO,32097671,first projection,2021-10-01,2022-03-31,1,482825,0.18
Jun 2021,AGO,32097671,first projection,2021-10-01,2022-03-31,2,683303,0.25
Jun 2021,AGO,32097671,first projection,2021-10-01,2022-03-31,3,1167337,0.42
Jun 2021,AGO,32097671,first projection,2021-10-01,2022-03-31,4,416660,0.15
Jun 2021,AGO,32097671,first projection,2021-10-01,2022-03-31,5,0,0
May 2024,BDI,12288863,current,2024-05-01,2024-05-31,all,12288863,1.0
May 2024,BDI,12288863,current,2024-05-01,2024-05-31,3+,2192906,0.18
May 2024,BDI,12288863,current,2024-05-01,2024-05-31,1,5048937,0.41
May 2024,BDI,12288863,current,2024-05-01,2024-05-31,2,5047021,0.41
May 2024,BDI,12288863,current,2024-05-01,2024-05-31,3,1964269,0.16
May 2024,BDI,12288863,current,2024-05-01,2024-05-31,4,228637,0.02
May 2024,BDI,12288863,current,2024-05-01,2024-05-31,5,0,0
May 2024,BDI,12288863,first projection,2024-06-01,2024-09-30,all,12288863,1.0
May 2024,BDI,12288863,first projection,2024-06-01,2024-09-30,3+,1184921,0.1
May 2024,BDI,12288863,first projection,2024-06-01,2024-09-30,1,6283783,0.51
May 2024,BDI,12288863,first projection,2024-06-01,2024-09-30,2,4820159,0.39
May 2024,BDI,12288863,first projection,2024-06-01,2024-09-30,3,1063250,0.09
May 2024,BDI,12288863,first projection,2024-06-01,2024-09-30,4,121671,0.01
May 2024,BDI,12288863,first projection,2024-06-01,2024-09-30,5,0,0
Mar 2024,BEN,12910087,current,2024-03-01,2024-05-31,all,5681269,1.0
Mar 2024,BEN,12910087,current,2024-03-01,2024-05-31,3+,363718,0.06
Mar 2024,BEN,12910087,current,2024-03-01,2024-05-31,1,4249293,0.75
Mar 2024,BEN,12910087,current,2024-03-01,2024-05-31,2,1068258,0.19
Mar 2024,BEN,12910087,current,2024-03-01,2024-05-31,3,363718,0.06
Mar 2024,BEN,12910087,current,2024-03-01,2024-05-31,4,0,0
Mar 2024,BEN,12910087,current,2024-03-01,2024-05-31,5,0,0
Mar 2024,BEN,12910087,first projection,2024-06-01,2024-08-31,all,10058780,1.0
Mar 2024,BEN,12910087,first projection,2024-06-01,2024-08-31,3+,309443,0.03
Mar 2024,BEN,12910087,first projection,2024-06-01,2024-08-31,1,8442194,0.84
Mar 2024,BEN,12910087,first projection,2024-06-01,2024-08-31,2,1307143,0.13
Mar 2024,BEN,12910087,first projection,2024-06-01,2024-08-31,3,309443,0.03
Mar 2024,BEN,12910087,first projection,2024-06-01,2024-08-31,4,0,0
Mar 2024,BEN,12910087,first projection,2024-06-01,2024-08-31,5,0,0
Mar 2024,BFA,22969083,current,2024-03-01,2024-05-31,all,22969083,1.0
Mar 2024,BFA,22969083,current,2024-03-01,2024-05-31,3+,1749437,0.07
Mar 2024,BFA,22969083,current,2024-03-01,2024-05-31,1,17064478,0.74
Mar 2024,BFA,22969083,current,2024-03-01,2024-05-31,2,4155168,0.18
Mar 2024,BFA,22969083,current,2024-03-01,2024-05-31,3,1673313,0.07
Mar 2024,BFA,22969083,current,2024-03-01,2024-05-31,4,76124,0
Mar 2024,BFA,22969083,current,2024-03-01,2024-05-31,5,0,0
Mar 2024,BFA,22969083,first projection,2024-06-01,2024-08-31,all,22969083,1.0
Mar 2024,BFA,22969083,first projection,2024-06-01,2024-08-31,3+,2734196,0.12
Mar 2024,BFA,22969083,first projection,2024-06-01,2024-08-31,1,14992187,0.65
Mar 2024,BFA,22969083,first projection,2024-06-01,2024-08-31,2,5242700,0.23
Mar 2024,BFA,22969083,first projection,2024-06-01,2024-08-31,3,2310858,0.1
Mar 2024,BFA,22969083,first projection,2024-06-01,2024-08-31,4,423338,0.02
Mar 2024,BFA,22969083,first projection,2024-06-01,2024-08-31,5,0,0
Feb 2024,BGD,165158616,current,2024-02-01,2024-03-31,all,74209497,1.0
Feb 2024,BGD,165158616,current,2024-02-01,2024-03-31,3+,14581885,0.2
Feb 2024,BGD,165158616,current,2024-02-01,2024-03-31,1,31742270,0.42
Feb 2024,BGD,165158616,current,2024-02-01,2024-03-31,2,27885342,0.38
Feb 2024,BGD,165158616,current,2024-02-01,2024-03-31,3,14254138,0.19
Feb 2024,BGD,165158616,current,2024-02-01,2024-03-31,4,327747,0.01
Feb 2024,BGD,165158616,current,2024-02-01,2024-03-31,5,0,0
Feb 2024,BGD,165158616,first projection,2024-04-01,2024-10-31,all,74283840,1.0
Feb 2024,BGD,165158616,first projection,2024-04-01,2024-10-31,3+,16530681,0.22
Feb 2024,BGD,165158616,first projection,2024-04-01,2024-10-31,1,29251031,0.39
Feb 2024,BGD,165158616,first projection,2024-04-01,2024-10-31,2,28502128,0.38
Feb 2024,BGD,165158616,first projection,2024-04-01,2024-10-31,3,15745272,0.21
Feb 2024,BGD,165158616,first projection,2024-04-01,2024-10-31,4,785409,0.01
Feb 2024,BGD,165158616,first projection,2024-04-01,2024-10-31,5,0,0
Sep 2023,CAF,6128671,current,2023-09-01,2024-03-31,all,6128671,1.0
Sep 2023,CAF,6128671,current,2023-09-01,2024-03-31,3+,2019858,0.33
Sep 2023,CAF,6128671,current,2023-09-01,2024-03-31,1,1603687,0.26
Sep 2023,CAF,6128671,current,2023-09-01,2024-03-31,2,2505127,0.41
Sep 2023,CAF,6128671,current,2023-09-01,2024-03-31,3,1669168,0.27
Sep 2023,CAF,6128671,current,2023-09-01,2024-03-31,4,350690,0.06
Sep 2023,CAF,6128671,current,2023-09-01,2024-03-31,5,0,0
Sep 2023,CAF,6128671,first projection,2024-04-01,2024-08-31,all,6128671,1.0
Sep 2023,CAF,6128671,first projection,2024-04-01,2024-08-31,3+,2516926,0.41
Sep 2023,CAF,6128671,first projection,2024-04-01,2024-08-31,1,1261221,0.21
Sep 2023,CAF,6128671,first projection,2024-04-01,2024-08-31,2,2350523,0.38
Sep 2023,CAF,6128671,first projection,2024-04-01,2024-08-31,3,1996258,0.33
Sep 2023,CAF,6128671,first projection,2024-04-01,2024-08-31,4,520668,0.08
Sep 2023,CAF,6128671,first projection,2024-04-01,2024-08-31,5,0,0
Mar 2024,CIV,31089121,current,2024-03-01,2024-05-31,all,23943267,1.0
Mar 2024,CIV,31089121,current,2024-03-01,2024-05-31,3+,900575,0.04
Mar 2024,CIV,31089121,current,2024-03-01,2024-05-31,1,19186269,0.8
Mar 2024,CIV,31089121,current,2024-03-01,2024-05-31,2,3856423,0.16
Mar 2024,CIV,31089121,current,2024-03-01,2024-05-31,3,900575,0.04
Mar 2024,CIV,31089121,current,2024-03-01,2024-05-31,4,0,0
Mar 2024,CIV,31089121,current,2024-03-01,2024-05-31,5,0,0
Mar 2024,CIV,31089121,first projection,2024-06-01,2024-08-31,all,23943267,1.0
Mar 2024,CIV,31089121,first projection,2024-06-01,2024-08-31,3+,922490,0.04
Mar 2024,CIV,31089121,first projection,2024-06-01,2024-08-31,1,19197795,0.8
Mar 2024,CIV,31089121,first projection,2024-06-01,2024-08-31,2,3822982,0.16
Mar 2024,CIV,31089121,first projection,2024-06-01,2024-08-31,3,922490,0.04
Mar 2024,CIV,31089121,first projection,2024-06-01,2024-08-31,4,0,0
Mar 2024,CIV,31089121,first projection,2024-06-01,2024-08-31,5,0,0
Mar 2024,CMR,27816297,current,2024-03-01,2024-05-31,all,27816297,1.0
Mar 2024,CMR,27816297,current,2024-03-01,2024-05-31,3+,2796436,0.1
Mar 2024,CMR,27816297,current,2024-03-01,2024-05-31,1,19382007,0.7
Mar 2024,CMR,27816297,current,2024-03-01,2024-05-31,2,5637855,0.2
Mar 2024,CMR,27816297,current,2024-03-01,2024-05-31,3,2711674,0.1
Mar 2024,CMR,27816297,current,2024-03-01,2024-05-31,4,84762,0
Mar 2024,CMR,27816297,current,2024-03-01,2024-05-31,5,0,0
Mar 2024,CMR,27816297,first projection,2024-06-01,2024-08-31,all,27816297,1.0
Mar 2024,CMR,27816297,first projection,2024-06-01,2024-08-31,3+,2465493,0.08
Mar 2024,CMR,27816297,first projection,2024-06-01,2024-08-31,1,20233786,0.73
Mar 2024,CMR,27816297,first projection,2024-06-01,2024-08-31,2,5117018,0.18
Mar 2024,CMR,27816297,first projection,2024-06-01,2024-08-31,3,2352165,0.08
Mar 2024,CMR,27816297,first projection,2024-06-01,2024-08-31,4,113328,0
Mar 2024,CMR,27816297,first projection,2024-06-01,2024-08-31,5,0,0
Sep 2024,COD,118153541,current,2024-09-01,2024-12-31,all,115881715,1.0
Sep 2024,COD,118153541,current,2024-09-01,2024-12-31,3+,25552751,0.22
Sep 2024,COD,118153541,current,2024-09-01,2024-12-31,1,39378420,0.34
Sep 2024,COD,118153541,current,2024-09-01,2024-12-31,2,50950544,0.44
Sep 2024,COD,118153541,current,2024-09-01,2024-12-31,3,22436761,0.19
Sep 2024,COD,118153541,current,2024-09-01,2024-12-31,4,3115990,0.03
Sep 2024,COD,118153541,current,2024-09-01,2024-12-31,5,0,0
Sep 2024,COD,118153541,first projection,2025-01-01,2025-06-30,all,115881715,1.0
Sep 2024,COD,118153541,first projection,2025-01-01,2025-06-30,3+,25494607,0.22
Sep 2024,COD,118153541,first projection,2025-01-01,2025-06-30,1,38916344,0.34
Sep 2024,COD,118153541,first projection,2025-01-01,2025-06-30,2,51470764,0.44
Sep 2024,COD,118153541,first projection,2025-01-01,2025-06-30,3,22243071,0.19
Sep 2024,COD,118153541,first projection,2025-01-01,2025-06-30,4,3251536,0.03
Sep 2024,COD,118153541,first projection,2025-01-01,2025-06-30,5,0,0
Nov 2023,CPV,483628,current,2023-10-01,2023-12-31,all,509078,1.0
Nov 2023,CPV,483628,current,2023-10-01,2023-12-31,3+,37276,0.07
Nov 2023,CPV,483628,current,2023-10-01,2023-12-31,1,371551,0.73
Nov 2023,CPV,483628,current,2023-10-01,2023-12-31,2,100251,0.2
Nov 2023,CPV,483628,current,2023-10-01,2023-12-31,3,37276,0.07
Nov 2023,CPV,483628,current,2023-10-01,2023-12-31,4,0,0
Nov 2023,CPV,483628,current,2023-10-01,2023-12-31,5,0,0
Nov 2023,CPV,483628,first projection,2024-06-01,2024-08-31,all,509078,1.0
Nov 2023,CPV,483628,first projection,2024-06-01,2024-08-31,3+,44120,0.09
Nov 2023,CPV,483628,first projection,2024-06-01,2024-08-31,1,347309,0.68
Nov 2023,CPV,483628,first projection,2024-06-01,2024-08-31,2,117649,0.23
Nov 2023,CPV,483628,first projection,2024-06-01,2024-08-31,3,44120,0.09
Nov 2023,CPV,483628,first projection,2024-06-01,2024-08-31,4,0,0
Nov 2023,CPV,483628,first projection,2024-06-01,2024-08-31,5,0,0
Apr 2024,DJI,1181675,current,2024-04-01,2024-06-30,all,1181675,1.0
Apr 2024,DJI,1181675,current,2024-04-01,2024-06-30,3+,221259,0.19
Apr 2024,DJI,1181675,current,2024-04-01,2024-06-30,1,456966,0.39
Apr 2024,DJI,1181675,current,2024-04-01,2024-06-30,2,503450,0.43
Apr 2024,DJI,1181675,current,2024-04-01,2024-06-30,3,182795,0.15
Apr 2024,DJI,1181675,current,2024-04-01,2024-06-30,4,38465,0.03
Apr 2024,DJI,1181675,current,2024-04-01,2024-06-30,5,0,0
Apr 2024,DJI,1181675,first projection,2024-07-01,2024-12-31,all,1181675,1.0
Apr 2024,DJI,1181675,first projection,2024-07-01,2024-12-31,3+,285000,0.24
Apr 2024,DJI,1181675,first projection,2024-07-01,2024-12-31,1,421955,0.36
Apr 2024,DJI,1181675,first projection,2024-07-01,2024-12-31,2,474720,0.4
Apr 2024,DJI,1181675,first projection,2024-07-01,2024-12-31,3,232178,0.2
Apr 2024,DJI,1181675,first projection,2024-07-01,2024-12-31,4,52822,0.04
Apr 2024,DJI,1181675,first projection,2024-07-01,2024-12-31,5,0,0
Sep 2023,DOM,10711115,current,2023-09-01,2023-11-30,all,10711155,1.0
Sep 2023,DOM,10711115,current,2023-09-01,2023-11-30,3+,1206438,0.11
Sep 2023,DOM,10711115,current,2023-09-01,2023-11-30,1,7189781,0.67
Sep 2023,DOM,10711115,current,2023-09-01,2023-11-30,2,2314936,0.22
Sep 2023,DOM,10711115,current,2023-09-01,2023-11-30,3,1173051,0.11
Sep 2023,DOM,10711115,current,2023-09-01,2023-11-30,4,33387,0
Sep 2023,DOM,10711115,current,2023-09-01,2023-11-30,5,0,0
Sep 2023,DOM,10711115,first projection,2023-12-01,2024-04-30,all,10795677,1.0
Sep 2023,DOM,10711115,first projection,2023-12-01,2024-04-30,3+,1095010,0.1
Sep 2023,DOM,10711115,first projection,2023-12-01,2024-04-30,1,7412096,0.69
Sep 2023,DOM,10711115,first projection,2023-12-01,2024-04-30,2,2288571,0.21
Sep 2023,DOM,10711115,first projection,2023-12-01,2024-04-30,3,1075281,0.1
Sep 2023,DOM,10711115,first projection,2023-12-01,2024-04-30,4,19729,0
Sep 2023,DOM,10711115,first projection,2023-12-01,2024-04-30,5,0,0
Sep 2023,DOM,10711115,second projection,2024-05-01,2024-08-31,all,10795677,1.0
Sep 2023,DOM,10711115,second projection,2024-05-01,2024-08-31,3+,1041674,0.09
Sep 2023,DOM,10711115,second projection,2024-05-01,2024-08-31,1,7513332,0.7
Sep 2023,DOM,10711115,second projection,2024-05-01,2024-08-31,2,2240671,0.21
Sep 2023,DOM,10711115,second projection,2024-05-01,2024-08-31,3,1021226,0.09
Sep 2023,DOM,10711115,second projection,2024-05-01,2024-08-31,4,20448,0
Sep 2023,DOM,10711115,second projection,2024-05-01,2024-08-31,5,0,0
Aug 2024,ECU,17966573,current,2024-06-01,2024-08-31,all,17966573,1.0
Aug 2024,ECU,17966573,current,2024-06-01,2024-08-31,3+,2579266,0.14
Aug 2024,ECU,17966573,current,2024-06-01,2024-08-31,1,10429446,0.58
Aug 2024,ECU,17966573,current,2024-06-01,2024-08-31,2,4957860,0.28
Aug 2024,ECU,17966573,current,2024-06-01,2024-08-31,3,2382488,0.13
Aug 2024,ECU,17966573,current,2024-06-01,2024-08-31,4,196779,0.01
Aug 2024,ECU,17966573,current,2024-06-01,2024-08-31,5,0,0
Aug 2024,ECU,17966573,first projection,2024-09-01,2025-03-31,all,18103660,1.0
Aug 2024,ECU,17966573,first projection,2024-09-01,2025-03-31,3+,2729051,0.15
Aug 2024,ECU,17966573,first projection,2024-09-01,2025-03-31,1,10174249,0.56
Aug 2024,ECU,17966573,first projection,2024-09-01,2025-03-31,2,5200360,0.29
Aug 2024,ECU,17966573,first projection,2024-09-01,2025-03-31,3,2530642,0.14
Aug 2024,ECU,17966573,first projection,2024-09-01,2025-03-31,4,198409,0.01
Aug 2024,ECU,17966573,first projection,2024-09-01,2025-03-31,5,0,0
May 2021,ETH,114964000,current,2021-05-01,2021-06-30,all,56346877,1.0
May 2021,ETH,114964000,current,2021-05-01,2021-06-30,3+,16756345,0.3
May 2021,ETH,114964000,current,2021-05-01,2021-06-30,1,22380046,0.4
May 2021,ETH,114964000,current,2021-05-01,2021-06-30,2,17210486,0.31
May 2021,ETH,114964000,current,2021-05-01,2021-06-30,3,12072236,0.21
May 2021,ETH,114964000,current,2021-05-01,2021-06-30,4,4331214,0.08
May 2021,ETH,114964000,current,2021-05-01,2021-06-30,5,352896,0.01
May 2021,ETH,114964000,first projection,2021-07-01,2021-09-30,all,19749101,1.0
May 2021,ETH,114964000,first projection,2021-07-01,2021-09-30,3+,7386290,0.37
May 2021,ETH,114964000,first projection,2021-07-01,2021-09-30,1,6364779,0.32
May 2021,ETH,114964000,first projection,2021-07-01,2021-09-30,2,5998032,0.3
May 2021,ETH,114964000,first projection,2021-07-01,2021-09-30,3,4558999,0.23
May 2021,ETH,114964000,first projection,2021-07-01,2021-09-30,4,2425979,0.12
May 2021,ETH,114964000,first projection,2021-07-01,2021-09-30,5,401313,0.02
Mar 2024,GHA,32155877,current,2024-03-01,2024-05-31,all,32155877,1.0
Mar 2024,GHA,32155877,current,2024-03-01,2024-05-31,3+,1152381,0.04
Mar 2024,GHA,32155877,current,2024-03-01,2024-05-31,1,26646267,0.83
Mar 2024,GHA,32155877,current,2024-03-01,2024-05-31,2,4357229,0.14
Mar 2024,GHA,32155877,current,2024-03-01,2024-05-31,3,1132514,0.04
Mar 2024,GHA,32155877,current,2024-03-01,2024-05-31,4,19868,0
Mar 2024,GHA,32155877,current,2024-03-01,2024-05-31,5,0,0
Mar 2024,GHA,32155877,first projection,2024-06-01,2024-08-31,all,32155877,1.0
Mar 2024,GHA,32155877,first projection,2024-06-01,2024-08-31,3+,1053535,0.03
Mar 2024,GHA,32155877,first projection,2024-06-01,2024-08-31,1,26678393,0.83
Mar 2024,GHA,32155877,first projection,2024-06-01,2024-08-31,2,4423950,0.14
Mar 2024,GHA,32155877,first projection,2024-06-01,2024-08-31,3,1034167,0.03
Mar 2024,GHA,32155877,first projection,2024-06-01,2024-08-31,4,19368,0
Mar 2024,GHA,32155877,first projection,2024-06-01,2024-08-31,5,0,0
Mar 2024,GIN,13931737,current,2024-03-01,2024-05-31,all,11779022,1.0
Mar 2024,GIN,13931737,current,2024-03-01,2024-05-31,3+,828708,0.07
Mar 2024,GIN,13931737,current,2024-03-01,2024-05-31,1,8178343,0.69
Mar 2024,GIN,13931737,current,2024-03-01,2024-05-31,2,2771971,0.24
Mar 2024,GIN,13931737,current,2024-03-01,2024-05-31,3,828708,0.07
Mar 2024,GIN,13931737,current,2024-03-01,2024-05-31,4,0,0
Mar 2024,GIN,13931737,current,2024-03-01,2024-05-31,5,0,0
Mar 2024,GIN,13931737,first projection,2024-06-01,2024-08-31,all,13931737,1.0
Mar 2024,GIN,13931737,first projection,2024-06-01,2024-08-31,3+,1025135,0.07
Mar 2024,GIN,13931737,first projection,2024-06-01,2024-08-31,1,9718373,0.7
Mar 2024,GIN,13931737,first projection,2024-06-01,2024-08-31,2,3188230,0.23
Mar 2024,GIN,13931737,first projection,2024-06-01,2024-08-31,3,1025135,0.07
Mar 2024,GIN,13931737,first projection,2024-06-01,2024-08-31,4,0,0
Mar 2024,GIN,13931737,first projection,2024-06-01,2024-08-31,5,0,0
Nov 2023,GMB,2455839,current,2023-10-01,2023-12-31,all,2516577,1.0
Nov 2023,GMB,2455839,current,2023-10-01,2023-12-31,3+,152967,0.06
Nov 2023,GMB,2455839,current,2023-10-01,2023-12-31,1,1918309,0.76
Nov 2023,GMB,2455839,current,2023-10-01,2023-12-31,2,445301,0.18
Nov 2023,GMB,2455839,current,2023-10-01,2023-12-31,3,152967,0.06
Nov 2023,GMB,2455839,current,2023-10-01,2023-12-31,4,0,0
Nov 2023,GMB,2455839,current,2023-10-01,2023-12-31,5,0,0
Nov 2023,GMB,2455839,first projection,2024-06-01,2024-08-31,all,2516577,1.0
Nov 2023,GMB,2455839,first projection,2024-06-01,2024-08-31,3+,226724,0.09
Nov 2023,GMB,2455839,first projection,2024-06-01,2024-08-31,1,1684392,0.67
Nov 2023,GMB,2455839,first projection,2024-06-01,2024-08-31,2,605460,0.24
Nov 2023,GMB,2455839,first projection,2024-06-01,2024-08-31,3,225145,0.09
Nov 2023,GMB,2455839,first projection,2024-06-01,2024-08-31,4,1580,0
Nov 2023,GMB,2455839,first projection,2024-06-01,2024-08-31,5,0,0
Mar 2024,GNB,1781307,current,2024-03-01,2024-05-31,all,1781307,1.0
Mar 2024,GNB,1781307,current,2024-03-01,2024-05-31,3+,98024,0.06
Mar 2024,GNB,1781307,current,2024-03-01,2024-05-31,1,1368689,0.77
Mar 2024,GNB,1781307,current,2024-03-01,2024-05-31,2,314595,0.18
Mar 2024,GNB,1781307,current,2024-03-01,2024-05-31,3,98024,0.06
Mar 2024,GNB,1781307,current,2024-03-01,2024-05-31,4,0,0
Mar 2024,GNB,1781307,current,2024-03-01,2024-05-31,5,0,0
Mar 2024,GNB,1781307,first projection,2024-06-01,2024-08-31,all,1781307,1.0
Mar 2024,GNB,1781307,first projection,2024-06-01,2024-08-31,3+,117294,0.07
Mar 2024,GNB,1781307,first projection,2024-06-01,2024-08-31,1,1299716,0.73
Mar 2024,GNB,1781307,first projection,2024-06-01,2024-08-31,2,364297,0.2
Mar 2024,GNB,1781307,first projection,2024-06-01,2024-08-31,3,117294,0.07
Mar 2024,GNB,1781307,first projection,2024-06-01,2024-08-31,4,0,0
Mar 2024,GNB,1781307,first projection,2024-06-01,2024-08-31,5,0,0
Jul 2024,GTM,17843132,current,2024-06-01,2024-08-31,all,17843132,1.0
Jul 2024,GTM,17843132,current,2024-06-01,2024-08-31,3+,2994471,0.17
Jul 2024,GTM,17843132,current,2024-06-01,2024-08-31,1,9711864,0.54
Jul 2024,GTM,17843132,current,2024-06-01,2024-08-31,2,5136797,0.29
Jul 2024,GTM,17843132,current,2024-06-01,2024-08-31,3,2608191,0.15
Jul 2024,GTM,17843132,current,2024-06-01,2024-08-31,4,386280,0.02
Jul 2024,GTM,17843132,current,2024-06-01,2024-08-31,5,0,0
Jul 2024,GTM,17843132,first projection,2024-09-01,2025-02-28,all,17843132,1.0
Jul 2024,GTM,17843132,first projection,2024-09-01,2025-02-28,3+,2727926,0.15
Jul 2024,GTM,17843132,first projection,2024-09-01,2025-02-28,1,9671049,0.54
Jul 2024,GTM,17843132,first projection,2024-09-01,2025-02-28,2,5444156,0.31
Jul 2024,GTM,17843132,first projection,2024-09-01,2025-02-28,3,2425011,0.13
Jul 2024,GTM,17843132,first projection,2024-09-01,2025-02-28,4,302915,0.02
Jul 2024,GTM,17843132,first projection,2024-09-01,2025-02-28,5,0,0
Jul 2024,GTM,17843132,second projection,2025-03-01,2025-05-31,all,17843132,1.0
Jul 2024,GTM,17843132,second projection,2025-03-01,2025-05-31,3+,2828186,0.16
Jul 2024,GTM,17843132,second projection,2025-03-01,2025-05-31,1,9761990,0.55
Jul 2024,GTM,17843132,second projection,2025-03-01,2025-05-31,2,5237283,0.29
Jul 2024,GTM,17843132,second projection,2025-03-01,2025-05-31,3,2486782,0.14
Jul 2024,GTM,17843132,second projection,2025-03-01,2025-05-31,4,341404,0.02
Jul 2024,GTM,17843132,second projection,2025-03-01,2025-05-31,5,0,0
Feb 2024,HND,9892632,current,2023-12-01,2024-02-29,all,9892632,1.0
Feb 2024,HND,9892632,current,2023-12-01,2024-02-29,3+,1772657,0.18
Feb 2024,HND,9892632,current,2023-12-01,2024-02-29,1,4537891,0.46
Feb 2024,HND,9892632,current,2023-12-01,2024-02-29,2,3582083,0.36
Feb 2024,HND,9892632,current,2023-12-01,2024-02-29,3,1598973,0.16
Feb 2024,HND,9892632,current,2023-12-01,2024-02-29,4,173684,0.02
Feb 2024,HND,9892632,current,2023-12-01,2024-02-29,5,0,0
Feb 2024,HND,9892632,first projection,2024-03-01,2024-05-31,all,9892632,1.0
Feb 2024,HND,9892632,first projection,2024-03-01,2024-05-31,3+,1793142,0.18
Feb 2024,HND,9892632,first projection,2024-03-01,2024-05-31,1,4585409,0.46
Feb 2024,HND,9892632,first projection,2024-03-01,2024-05-31,2,3514081,0.36
Feb 2024,HND,9892632,first projection,2024-03-01,2024-05-31,3,1591113,0.16
Feb 2024,HND,9892632,first projection,2024-03-01,2024-05-31,4,202029,0.02
Feb 2024,HND,9892632,first projection,2024-03-01,2024-05-31,5,0,0
Feb 2024,HND,9892632,second projection,2024-06-01,2024-08-31,all,9892632,1.0
Feb 2024,HND,9892632,second projection,2024-06-01,2024-08-31,3+,1925726,0.19
Feb 2024,HND,9892632,second projection,2024-06-01,2024-08-31,1,4411019,0.45
Feb 2024,HND,9892632,second projection,2024-06-01,2024-08-31,2,3555888,0.36
Feb 2024,HND,9892632,second projection,2024-06-01,2024-08-31,3,1700136,0.17
Feb 2024,HND,9892632,second projection,2024-06-01,2024-08-31,4,225589,0.02
Feb 2024,HND,9892632,second projection,2024-06-01,2024-08-31,5,0,0
Aug 2024,HTI,11214615,current,2024-08-01,2025-02-28,all,11214605,1.0
Aug 2024,HTI,11214615,current,2024-08-01,2025-02-28,3+,5407898,0.48
Aug 2024,HTI,11214615,current,2024-08-01,2025-02-28,1,2749682,0.25
Aug 2024,HTI,11214615,current,2024-08-01,2025-02-28,2,3057026,0.27
Aug 2024,HTI,11214615,current,2024-08-01,2025-02-28,3,3400350,0.3
Aug 2024,HTI,11214615,current,2024-08-01,2025-02-28,4,2001911,0.18
Aug 2024,HTI,11214615,current,2024-08-01,2025-02-28,5,5636,0
Aug 2024,HTI,11214615,first projection,2025-03-01,2025-06-30,all,11214605,1.0
Aug 2024,HTI,11214615,first projection,2025-03-01,2025-06-30,3+,5535334,0.5
Aug 2024,HTI,11214615,first projection,2025-03-01,2025-06-30,1,2705009,0.24
Aug 2024,HTI,11214615,first projection,2025-03-01,2025-06-30,2,2974262,0.27
Aug 2024,HTI,11214615,first projection,2025-03-01,2025-06-30,3,3534353,0.32
Aug 2024,HTI,11214615,first projection,2025-03-01,2025-06-30,4,1995345,0.18
Aug 2024,HTI,11214615,first projection,2025-03-01,2025-06-30,5,5636,0
Jul 2024,KEN,52428000,current,2024-07-01,2024-09-30,all,16617000,1.0
Jul 2024,KEN,52428000,current,2024-07-01,2024-09-30,3+,937222,0.05
Jul 2024,KEN,52428000,current,2024-07-01,2024-09-30,1,9881614,0.6
Jul 2024,KEN,52428000,current,2024-07-01,2024-09-30,2,5798165,0.35
Jul 2024,KEN,52428000,current,2024-07-01,2024-09-30,3,894555,0.05
Jul 2024,KEN,52428000,current,2024-07-01,2024-09-30,4,42667,0
Jul 2024,KEN,52428000,current,2024-07-01,2024-09-30,5,0,0
Jul 2024,KEN,52428000,first projection,2024-10-01,2025-01-31,all,16617000,1.0
Jul 2024,KEN,52428000,first projection,2024-10-01,2025-01-31,3+,1732866,0.11
Jul 2024,KEN,52428000,first projection,2024-10-01,2025-01-31,1,8799925,0.53
Jul 2024,KEN,52428000,first projection,2024-10-01,2025-01-31,2,6084209,0.36
Jul 2024,KEN,52428000,first projection,2024-10-01,2025-01-31,3,1634828,0.1
Jul 2024,KEN,52428000,first projection,2024-10-01,2025-01-31,4,98038,0.01
Jul 2024,KEN,52428000,first projection,2024-10-01,2025-01-31,5,0,0
Oct 2023,LBN,5575680,current,2023-10-01,2024-03-31,all,5574500,1.0
Oct 2023,LBN,5575680,current,2023-10-01,2024-03-31,3+,1049957,0.19
Oct 2023,LBN,5575680,current,2023-10-01,2024-03-31,1,1894920,0.34
Oct 2023,LBN,5575680,current,2023-10-01,2024-03-31,2,2629623,0.47
Oct 2023,LBN,5575680,current,2023-10-01,2024-03-31,3,976190,0.18
Oct 2023,LBN,5575680,current,2023-10-01,2024-03-31,4,73767,0.01
Oct 2023,LBN,5575680,current,2023-10-01,2024-03-31,5,0,0
Oct 2023,LBN,5575680,first projection,2024-04-01,2024-09-30,all,5574488,1.0
Oct 2023,LBN,5575680,first projection,2024-04-01,2024-09-30,3+,1143368,0.2
Oct 2023,LBN,5575680,first projection,2024-04-01,2024-09-30,1,1881822,0.34
Oct 2023,LBN,5575680,first projection,2024-04-01,2024-09-30,2,2549299,0.46
Oct 2023,LBN,5575680,first projection,2024-04-01,2024-09-30,3,1079246,0.19
Oct 2023,LBN,5575680,first projection,2024-04-01,2024-09-30,4,64122,0.01
Oct 2023,LBN,5575680,first projection,2024-04-01,2024-09-30,5,0,0
Oct 2022,LBR,4799779,current,2022-10-01,2022-12-31,all,4799779,1.0
Oct 2022,LBR,4799779,current,2022-10-01,2022-12-31,3+,373230,0.08
Oct 2022,LBR,4799779,current,2022-10-01,2022-12-31,1,3406982,0.71
Oct 2022,LBR,4799779,current,2022-10-01,2022-12-31,2,1019566,0.21
Oct 2022,LBR,4799779,current,2022-10-01,2022-12-31,3,365748,0.08
Oct 2022,LBR,4799779,current,2022-10-01,2022-12-31,4,7483,0
Oct 2022,LBR,4799779,current,2022-10-01,2022-12-31,5,0,0
Oct 2022,LBR,4799779,first projection,2023-06-01,2023-08-31,all,4799779,1.0
Oct 2022,LBR,4799779,first projection,2023-06-01,2023-08-31,3+,531268,0.11
Oct 2022,LBR,4799779,first projection,2023-06-01,2023-08-31,1,2883503,0.6
Oct 2022,LBR,4799779,first projection,2023-06-01,2023-08-31,2,1385008,0.29
Oct 2022,LBR,4799779,first projection,2023-06-01,2023-08-31,3,509913,0.11
Oct 2022,LBR,4799779,first projection,2023-06-01,2023-08-31,4,21354,0
Oct 2022,LBR,4799779,first projection,2023-06-01,2023-08-31,5,0,0
May 2024,LSO,2208490,current,2024-05-01,2024-09-30,all,1505411,1.0
May 2024,LSO,2208490,current,2024-05-01,2024-09-30,3+,292866,0.19
May 2024,LSO,2208490,current,2024-05-01,2024-09-30,1,665045,0.44
May 2024,LSO,2208490,current,2024-05-01,2024-09-30,2,547500,0.36
May 2024,LSO,2208490,current,2024-05-01,2024-09-30,3,292866,0.19
May 2024,LSO,2208490,current,2024-05-01,2024-09-30,4,0,0
May 2024,LSO,2208490,current,2024-05-01,2024-09-30,5,0,0
May 2024,LSO,2208490,first projection,2024-10-01,2025-03-31,all,1505411,1.0
May 2024,LSO,2208490,first projection,2024-10-01,2025-03-31,3+,402757,0.27
May 2024,LSO,2208490,first projection,2024-10-01,2025-03-31,1,559568,0.37
May 2024,LSO,2208490,first projection,2024-10-01,2025-03-31,2,543086,0.36
May 2024,LSO,2208490,first projection,2024-10-01,2025-03-31,3,373940,0.25
May 2024,LSO,2208490,first projection,2024-10-01,2025-03-31,4,28818,0.02
May 2024,LSO,2208490,first projection,2024-10-01,2025-03-31,5,0,0
Jun 2024,MDG,30759605,current,2024-05-01,2024-09-30,all,10269652,1.0
Jun 2024,MDG,30759605,current,2024-05-01,2024-09-30,3+,1219583,0.12
Jun 2024,MDG,30759605,current,2024-05-01,2024-09-30,1,4134155,0.4
Jun 2024,MDG,30759605,current,2024-05-01,2024-09-30,2,4915914,0.48
Jun 2024,MDG,30759605,current,2024-05-01,2024-09-30,3,1219583,0.12
Jun 2024,MDG,30759605,current,2024-05-01,2024-09-30,4,0,0
Jun 2024,MDG,30759605,current,2024-05-01,2024-09-30,5,0,0
Jun 2024,MDG,30759605,first projection,2024-10-01,2024-12-31,all,10269652,1.0
Jun 2024,MDG,30759605,first projection,2024-10-01,2024-12-31,3+,1323602,0.13
Jun 2024,MDG,30759605,first projection,2024-10-01,2024-12-31,1,3909988,0.38
Jun 2024,MDG,30759605,first projection,2024-10-01,2024-12-31,2,5036062,0.49
Jun 2024,MDG,30759605,first projection,2024-10-01,2024-12-31,3,1323602,0.13
Jun 2024,MDG,30759605,first projection,2024-10-01,2024-12-31,4,0,0
Jun 2024,MDG,30759605,first projection,2024-10-01,2024-12-31,5,0,0
Jun 2024,MDG,30759605,second projection,2025-01-01,2025-04-30,all,10269652,1.0
Jun 2024,MDG,30759605,second projection,2025-01-01,2025-04-30,3+,1775367,0.17
Jun 2024,MDG,30759605,second projection,2025-01-01,2025-04-30,1,3479690,0.34
Jun 2024,MDG,30759605,second projection,2025-01-01,2025-04-30,2,5014595,0.49
Jun 2024,MDG,30759605,second projection,2025-01-01,2025-04-30,3,1775367,0.17
Jun 2024,MDG,30759605,second projection,2025-01-01,2025-04-30,4,0,0
Jun 2024,MDG,30759605,second projection,2025-01-01,2025-04-30,5,0,0
Mar 2024,MLI,22900622,current,2024-03-01,2024-05-31,all,22900621,1.0
Mar 2024,MLI,22900622,current,2024-03-01,2024-05-31,3+,795583,0.03
Mar 2024,MLI,22900622,current,2024-03-01,2024-05-31,1,19246260,0.84
Mar 2024,MLI,22900622,current,2024-03-01,2024-05-31,2,2858779,0.12
Mar 2024,MLI,22900622,current,2024-03-01,2024-05-31,3,734410,0.03
Mar 2024,MLI,22900622,current,2024-03-01,2024-05-31,4,60315,0
Mar 2024,MLI,22900622,current,2024-03-01,2024-05-31,5,858,0
Mar 2024,MLI,22900622,first projection,2024-06-01,2024-08-31,all,22900621,1.0
Mar 2024,MLI,22900622,first projection,2024-06-01,2024-08-31,3+,1370249,0.06
Mar 2024,MLI,22900622,first projection,2024-06-01,2024-08-31,1,17478672,0.76
Mar 2024,MLI,22900622,first projection,2024-06-01,2024-08-31,2,4051700,0.18
Mar 2024,MLI,22900622,first projection,2024-06-01,2024-08-31,3,1246750,0.05
Mar 2024,MLI,22900622,first projection,2024-06-01,2024-08-31,4,120924,0.01
Mar 2024,MLI,22900622,first projection,2024-06-01,2024-08-31,5,2575,0
Sep 2023,MMR,56500000,current,2023-09-01,2023-10-31,all,55893659,1.0
Sep 2023,MMR,56500000,current,2023-09-01,2023-10-31,3+,10692990,0.19
Sep 2023,MMR,56500000,current,2023-09-01,2023-10-31,1,28635688,0.51
Sep 2023,MMR,56500000,current,2023-09-01,2023-10-31,2,16564981,0.3
Sep 2023,MMR,56500000,current,2023-09-01,2023-10-31,3,9334294,0.17
Sep 2023,MMR,56500000,current,2023-09-01,2023-10-31,4,1358696,0.02
Sep 2023,MMR,56500000,current,2023-09-01,2023-10-31,5,0,0
Sep 2023,MMR,56500000,first projection,2023-11-01,2024-05-31,all,56490246,1.0
Sep 2023,MMR,56500000,first projection,2023-11-01,2024-05-31,3+,8151842,0.14
Sep 2023,MMR,56500000,first projection,2023-11-01,2024-05-31,1,30679684,0.55
Sep 2023,MMR,56500000,first projection,2023-11-01,2024-05-31,2,17658720,0.31
Sep 2023,MMR,56500000,first projection,2023-11-01,2024-05-31,3,7425607,0.13
Sep 2023,MMR,56500000,first projection,2023-11-01,2024-05-31,4,726235,0.01
Sep 2023,MMR,56500000,first projection,2023-11-01,2024-05-31,5,0,0
Sep 2023,MMR,56500000,second projection,2024-06-01,2024-08-31,all,56490246,1.0
Sep 2023,MMR,56500000,second projection,2024-06-01,2024-08-31,3+,12895195,0.23
Sep 2023,MMR,56500000,second projection,2024-06-01,2024-08-31,1,26667079,0.47
Sep 2023,MMR,56500000,second projection,2024-06-01,2024-08-31,2,16927972,0.3
Sep 2023,MMR,56500000,second projection,2024-06-01,2024-08-31,3,10515065,0.19
Sep 2023,MMR,56500000,second projection,2024-06-01,2024-08-31,4,2380130,0.04
Sep 2023,MMR,56500000,second projection,2024-06-01,2024-08-31,5,0,0
Jun 2024,MOZ,33244414,current,2024-04-01,2024-09-30,all,10025724,1.0
Jun 2024,MOZ,33244414,current,2024-04-01,2024-09-30,3+,2785751,0.28
Jun 2024,MOZ,33244414,current,2024-04-01,2024-09-30,1,3618332,0.36
Jun 2024,MOZ,33244414,current,2024-04-01,2024-09-30,2,3583468,0.36
Jun 2024,MOZ,33244414,current,2024-04-01,2024-09-30,3,2275600,0.23
Jun 2024,MOZ,33244414,current,2024-04-01,2024-09-30,4,510151,0.05
Jun 2024,MOZ,33244414,current,2024-04-01,2024-09-30,5,0,0
Jun 2024,MOZ,33244414,first projection,2024-10-01,2025-03-31,all,10025724,1.0
Jun 2024,MOZ,33244414,first projection,2024-10-01,2025-03-31,3+,3264540,0.33
Jun 2024,MOZ,33244414,first projection,2024-10-01,2025-03-31,1,3216803,0.32
Jun 2024,MOZ,33244414,first projection,2024-10-01,2025-03-31,2,3538872,0.35
Jun 2024,MOZ,33244414,first projection,2024-10-01,2025-03-31,3,2491259,0.25
Jun 2024,MOZ,33244414,first projection,2024-10-01,2025-03-31,4,773281,0.08
Jun 2024,MOZ,33244414,first projection,2024-10-01,2025-03-31,5,0,0
Mar 2024,MRT,4581886,current,2024-03-01,2024-05-31,all,2740558,1.0
Mar 2024,MRT,4581886,current,2024-03-01,2024-05-31,3+,320309,0.12
Mar 2024,MRT,4581886,current,2024-03-01,2024-05-31,1,1796280,0.66
Mar 2024,MRT,4581886,current,2024-03-01,2024-05-31,2,623969,0.23
Mar 2024,MRT,4581886,current,2024-03-01,2024-05-31,3,319528,0.12
Mar 2024,MRT,4581886,current,2024-03-01,2024-05-31,4,781,0
Mar 2024,MRT,4581886,current,2024-03-01,2024-05-31,5,0,0
Mar 2024,MRT,4581886,first projection,2024-06-01,2024-08-31,all,4581886,1.0
Mar 2024,MRT,4581886,first projection,2024-06-01,2024-08-31,3+,656652,0.15
Mar 2024,MRT,4581886,first projection,2024-06-01,2024-08-31,1,2755937,0.6
Mar 2024,MRT,4581886,first projection,2024-06-01,2024-08-31,2,1169297,0.26
Mar 2024,MRT,4581886,first projection,2024-06-01,2024-08-31,3,627709,0.14
Mar 2024,MRT,4581886,first projection,2024-06-01,2024-08-31,4,28943,0.01
Mar 2024,MRT,4581886,first projection,2024-06-01,2024-08-31,5,0,0
May 2024,MWI,20270568,current,2024-05-01,2024-09-30,all,20270568,1.0
May 2024,MWI,20270568,current,2024-05-01,2024-09-30,3+,4165142,0.2
May 2024,MWI,20270568,current,2024-05-01,2024-09-30,1,9385389,0.46
May 2024,MWI,20270568,current,2024-05-01,2024-09-30,2,6720037,0.33
May 2024,MWI,20270568,current,2024-05-01,2024-09-30,3,4108694,0.2
May 2024,MWI,20270568,current,2024-05-01,2024-09-30,4,56448,0
May 2024,MWI,20270568,current,2024-05-01,2024-09-30,5,0,0
May 2024,MWI,20270568,first projection,2024-10-01,2025-03-31,all,20270568,1.0
May 2024,MWI,20270568,first projection,2024-10-01,2025-03-31,3+,5692123,0.28
May 2024,MWI,20270568,first projection,2024-10-01,2025-03-31,1,7826964,0.39
May 2024,MWI,20270568,first projection,2024-10-01,2025-03-31,2,6751481,0.33
May 2024,MWI,20270568,first projection,2024-10-01,2025-03-31,3,5275996,0.26
May 2024,MWI,20270568,first projection,2024-10-01,2025-03-31,4,416127,0.02
May 2024,MWI,20270568,first projection,2024-10-01,2025-03-31,5,0,0
Jul 2024,NAM,3022401,current,2024-07-01,2024-09-30,all,3022401,1.0
Jul 2024,NAM,3022401,current,2024-07-01,2024-09-30,3+,1145579,0.38
Jul 2024,NAM,3022401,current,2024-07-01,2024-09-30,1,1111021,0.37
Jul 2024,NAM,3022401,current,2024-07-01,2024-09-30,2,765801,0.25
Jul 2024,NAM,3022401,current,2024-07-01,2024-09-30,3,1057205,0.35
Jul 2024,NAM,3022401,current,2024-07-01,2024-09-30,4,88374,0.03
Jul 2024,NAM,3022401,current,2024-07-01,2024-09-30,5,0,0
Jul 2024,NAM,3022401,first projection,2024-10-01,2025-03-31,all,3022401,1.0
Jul 2024,NAM,3022401,first projection,2024-10-01,2025-03-31,3+,1255642,0.41
Jul 2024,NAM,3022401,first projection,2024-10-01,2025-03-31,1,976651,0.32
Jul 2024,NAM,3022401,first projection,2024-10-01,2025-03-31,2,790108,0.26
Jul 2024,NAM,3022401,first projection,2024-10-01,2025-03-31,3,1155611,0.38
Jul 2024,NAM,3022401,first projection,2024-10-01,2025-03-31,4,100032,0.03
Jul 2024,NAM,3022401,first projection,2024-10-01,2025-03-31,5,0,0
Jul 2024,NAM,3022401,second projection,2025-04-01,2025-06-30,all,3022401,1.0
Jul 2024,NAM,3022401,second projection,2025-04-01,2025-06-30,3+,776496,0.25
Jul 2024,NAM,3022401,second projection,2025-04-01,2025-06-30,1,1249163,0.41
Jul 2024,NAM,3022401,second projection,2025-04-01,2025-06-30,2,996743,0.33
Jul 2024,NAM,3022401,second projection,2025-04-01,2025-06-30,3,765314,0.25
Jul 2024,NAM,3022401,second projection,2025-04-01,2025-06-30,4,11182,0
Jul 2024,NAM,3022401,second projection,2025-04-01,2025-06-30,5,0,0
Nov 2023,NER,25896688,current,2023-10-01,2023-12-31,all,26154895,1.0
Nov 2023,NER,25896688,current,2023-10-01,2023-12-31,3+,2318639,0.09
Nov 2023,NER,25896688,current,2023-10-01,2023-12-31,1,18346387,0.7
Nov 2023,NER,25896688,current,2023-10-01,2023-12-31,2,5489869,0.21
Nov 2023,NER,25896688,current,2023-10-01,2023-12-31,3,2275718,0.09
Nov 2023,NER,25896688,current,2023-10-01,2023-12-31,4,42921,0
Nov 2023,NER,25896688,current,2023-10-01,2023-12-31,5,0,0
Nov 2023,NER,25896688,first projection,2024-06-01,2024-08-31,all,26154895,1.0
Nov 2023,NER,25896688,first projection,2024-06-01,2024-08-31,3+,3231825,0.12
Nov 2023,NER,25896688,first projection,2024-06-01,2024-08-31,1,16226721,0.62
Nov 2023,NER,25896688,first projection,2024-06-01,2024-08-31,2,6696349,0.26
Nov 2023,NER,25896688,first projection,2024-06-01,2024-08-31,3,3136466,0.12
Nov 2023,NER,25896688,first projection,2024-06-01,2024-08-31,4,95359,0
Nov 2023,NER,25896688,first projection,2024-06-01,2024-08-31,5,0,0
Mar 2024,NGA,0,current,2024-03-01,2024-05-31,all,200270074,1.0
Mar 2024,NGA,0,current,2024-03-01,2024-05-31,3+,24962192,0.12
Mar 2024,NGA,0,current,2024-03-01,2024-05-31,1,102480388,0.51
Mar 2024,NGA,0,current,2024-03-01,2024-05-31,2,72827494,0.36
Mar 2024,NGA,0,current,2024-03-01,2024-05-31,3,24533321,0.12
Mar 2024,NGA,0,current,2024-03-01,2024-05-31,4,428871,0
Mar 2024,NGA,0,current,2024-03-01,2024-05-31,5,0,0
Mar 2024,NGA,0,first projection,2024-06-01,2024-08-31,all,200345759,1.0
Mar 2024,NGA,0,first projection,2024-06-01,2024-08-31,3+,31758142,0.15
Mar 2024,NGA,0,first projection,2024-06-01,2024-08-31,1,85902668,0.43
Mar 2024,NGA,0,first projection,2024-06-01,2024-08-31,2,82684949,0.41
Mar 2024,NGA,0,first projection,2024-06-01,2024-08-31,3,30758810,0.15
Mar 2024,NGA,0,first projection,2024-06-01,2024-08-31,4,999332,0
Mar 2024,NGA,0,first projection,2024-06-01,2024-08-31,5,0,0
Mar 2024,PAK,247657666,current,2024-03-01,2024-06-30,all,35585197,1.0
Mar 2024,PAK,247657666,current,2024-03-01,2024-06-30,3+,8604852,0.24
Mar 2024,PAK,247657666,current,2024-03-01,2024-06-30,1,15157309,0.43
Mar 2024,PAK,247657666,current,2024-03-01,2024-06-30,2,11823036,0.33
Mar 2024,PAK,247657666,current,2024-03-01,2024-06-30,3,7034980,0.2
Mar 2024,PAK,247657666,current,2024-03-01,2024-06-30,4,1569871,0.04
Mar 2024,PAK,247657666,current,2024-03-01,2024-06-30,5,0,0
Mar 2024,PAK,247657666,first projection,2024-07-01,2024-11-30,all,35585197,1.0
Mar 2024,PAK,247657666,first projection,2024-07-01,2024-11-30,3+,7889358,0.22
Mar 2024,PAK,247657666,first projection,2024-07-01,2024-11-30,1,14740182,0.41
Mar 2024,PAK,247657666,first projection,2024-07-01,2024-11-30,2,12955657,0.36
Mar 2024,PAK,247657666,first projection,2024-07-01,2024-11-30,3,6673678,0.19
Mar 2024,PAK,247657666,first projection,2024-07-01,2024-11-30,4,1215680,0.03
Mar 2024,PAK,247657666,first projection,2024-07-01,2024-11-30,5,0,0
Sep 2024,PSE,2251457,current,2024-09-01,2024-10-31,all,2140618,1.0
Sep 2024,PSE,2251457,current,2024-09-01,2024-10-31,3+,1841061,0.86
Sep 2024,PSE,2251457,current,2024-09-01,2024-10-31,1,0,0
Sep 2024,PSE,2251457,current,2024-09-01,2024-10-31,2,299557,0.14
Sep 2024,PSE,2251457,current,2024-09-01,2024-10-31,3,1044353,0.49
Sep 2024,PSE,2251457,current,2024-09-01,2024-10-31,4,663721,0.31
Sep 2024,PSE,2251457,current,2024-09-01,2024-10-31,5,132987,0.06
Sep 2024,PSE,2251457,first projection,2024-11-01,2025-04-30,all,2140618,1.0
Sep 2024,PSE,2251457,first projection,2024-11-01,2025-04-30,3+,1948092,0.91
Sep 2024,PSE,2251457,first projection,2024-11-01,2025-04-30,1,0,0
Sep 2024,PSE,2251457,first projection,2024-11-01,2025-04-30,2,192526,0.09
Sep 2024,PSE,2251457,first projection,2024-11-01,2025-04-30,3,727681,0.34
Sep 2024,PSE,2251457,first projection,2024-11-01,2025-04-30,4,875573,0.41
Sep 2024,PSE,2251457,first projection,2024-11-01,2025-04-30,5,344839,0.16
Apr 2024,SDN,47208125,current,2024-04-01,2024-05-31,all,47208125,1.0
Apr 2024,SDN,47208125,current,2024-04-01,2024-05-31,3+,21311946,0.45
Apr 2024,SDN,47208125,current,2024-04-01,2024-05-31,1,9036411,0.19
Apr 2024,SDN,47208125,current,2024-04-01,2024-05-31,2,16859767,0.36
Apr 2024,SDN,47208125,current,2024-04-01,2024-05-31,3,14603918,0.31
Apr 2024,SDN,47208125,current,2024-04-01,2024-05-31,4,6554877,0.14
Apr 2024,SDN,47208125,current,2024-04-01,2024-05-31,5,153152,0
Apr 2024,SDN,47208125,first projection,2024-06-01,2024-09-30,all,47208125,1.0
Apr 2024,SDN,47208125,first projection,2024-06-01,2024-09-30,3+,25597400,0.54
Apr 2024,SDN,47208125,first projection,2024-06-01,2024-09-30,1,6426647,0.14
Apr 2024,SDN,47208125,first projection,2024-06-01,2024-09-30,2,15184078,0.32
Apr 2024,SDN,47208125,first projection,2024-06-01,2024-09-30,3,16309134,0.34
Apr 2024,SDN,47208125,first projection,2024-06-01,2024-09-30,4,8533005,0.18
Apr 2024,SDN,47208125,first projection,2024-06-01,2024-09-30,5,755262,0.02
Apr 2024,SDN,47208125,second projection,2024-10-01,2025-02-28,all,47208125,1.0
Apr 2024,SDN,47208125,second projection,2024-10-01,2025-02-28,3+,21085206,0.45
Apr 2024,SDN,47208125,second projection,2024-10-01,2025-02-28,1,8673628,0.18
Apr 2024,SDN,47208125,second projection,2024-10-01,2025-02-28,2,17449291,0.37
Apr 2024,SDN,47208125,second projection,2024-10-01,2025-02-28,3,14589317,0.31
Apr 2024,SDN,47208125,second projection,2024-10-01,2025-02-28,4,6386945,0.14
Apr 2024,SDN,47208125,second projection,2024-10-01,2025-02-28,5,108944,0
Mar 2024,SEN,18032471,current,2024-03-01,2024-05-31,all,18032471,1.0
Mar 2024,SEN,18032471,current,2024-03-01,2024-05-31,3+,278807,0.02
Mar 2024,SEN,18032471,current,2024-03-01,2024-05-31,1,15652538,0.87
Mar 2024,SEN,18032471,current,2024-03-01,2024-05-31,2,2101126,0.12
Mar 2024,SEN,18032471,current,2024-03-01,2024-05-31,3,278526,0.02
Mar 2024,SEN,18032471,current,2024-03-01,2024-05-31,4,281,0
Mar 2024,SEN,18032471,current,2024-03-01,2024-05-31,5,0,0
Mar 2024,SEN,18032471,first projection,2024-06-01,2024-08-31,all,18032471,1.0
Mar 2024,SEN,18032471,first projection,2024-06-01,2024-08-31,3+,518509,0.03
Mar 2024,SEN,18032471,first projection,2024-06-01,2024-08-31,1,14637597,0.81
Mar 2024,SEN,18032471,first projection,2024-06-01,2024-08-31,2,2876365,0.16
Mar 2024,SEN,18032471,first projection,2024-06-01,2024-08-31,3,506632,0.03
Mar 2024,SEN,18032471,first projection,2024-06-01,2024-08-31,4,11877,0
Mar 2024,SEN,18032471,first projection,2024-06-01,2024-08-31,5,0,0
Mar 2024,SLE,7703563,current,2024-03-01,2024-05-31,all,7703563,1.0
Mar 2024,SLE,7703563,current,2024-03-01,2024-05-31,3+,1104589,0.14
Mar 2024,SLE,7703563,current,2024-03-01,2024-05-31,1,4062674,0.53
Mar 2024,SLE,7703563,current,2024-03-01,2024-05-31,2,2536300,0.33
Mar 2024,SLE,7703563,current,2024-03-01,2024-05-31,3,1088115,0.14
Mar 2024,SLE,7703563,current,2024-03-01,2024-05-31,4,16474,0
Mar 2024,SLE,7703563,current,2024-03-01,2024-05-31,5,0,0
Mar 2024,SLE,7703563,first projection,2024-06-01,2024-08-31,all,7703563,1.0
Mar 2024,SLE,7703563,first projection,2024-06-01,2024-08-31,3+,1569895,0.2
Mar 2024,SLE,7703563,first projection,2024-06-01,2024-08-31,1,3017996,0.39
Mar 2024,SLE,7703563,first projection,2024-06-01,2024-08-31,2,3115672,0.4
Mar 2024,SLE,7703563,first projection,2024-06-01,2024-08-31,3,1538646,0.2
Mar 2024,SLE,7703563,first projection,2024-06-01,2024-08-31,4,31249,0
Mar 2024,SLE,7703563,first projection,2024-06-01,2024-08-31,5,0,0
Aug 2021,SLV,6325827,current,2021-07-01,2021-08-31,all,6325827,1.0
Aug 2021,SLV,6325827,current,2021-07-01,2021-08-31,3+,841190,0.13
Aug 2021,SLV,6325827,current,2021-07-01,2021-08-31,1,2359805,0.37
Aug 2021,SLV,6325827,current,2021-07-01,2021-08-31,2,3124833,0.49
Aug 2021,SLV,6325827,current,2021-07-01,2021-08-31,3,780311,0.12
Aug 2021,SLV,6325827,current,2021-07-01,2021-08-31,4,60879,0.01
Aug 2021,SLV,6325827,current,2021-07-01,2021-08-31,5,0,0
Aug 2021,SLV,6325827,first projection,2021-09-01,2022-02-28,all,6325827,1.0
Aug 2021,SLV,6325827,first projection,2021-09-01,2022-02-28,3+,593434,0.1
Aug 2021,SLV,6325827,first projection,2021-09-01,2022-02-28,1,2755017,0.44
Aug 2021,SLV,6325827,first projection,2021-09-01,2022-02-28,2,2977376,0.47
Aug 2021,SLV,6325827,first projection,2021-09-01,2022-02-28,3,546698,0.09
Aug 2021,SLV,6325827,first projection,2021-09-01,2022-02-28,4,46735,0.01
Aug 2021,SLV,6325827,first projection,2021-09-01,2022-02-28,5,0,0
Aug 2021,SLV,6325827,second projection,2022-03-01,2022-05-31,all,6325827,1.0
Aug 2021,SLV,6325827,second projection,2022-03-01,2022-05-31,3+,906823,0.14
Aug 2021,SLV,6325827,second projection,2022-03-01,2022-05-31,1,2132030,0.34
Aug 2021,SLV,6325827,second projection,2022-03-01,2022-05-31,2,3286974,0.52
Aug 2021,SLV,6325827,second projection,2022-03-01,2022-05-31,3,845944,0.13
Aug 2021,SLV,6325827,second projection,2022-03-01,2022-05-31,4,60879,0.01
Aug 2021,SLV,6325827,second projection,2022-03-01,2022-05-31,5,0,0
Jan 2024,SOM,18706931,current,2024-01-01,2024-03-31,all,18706931,1.0
Jan 2024,SOM,18706931,current,2024-01-01,2024-03-31,3+,4008110,0.21
Jan 2024,SOM,18706931,current,2024-01-01,2024-03-31,1,8596160,0.46
Jan 2024,SOM,18706931,current,2024-01-01,2024-03-31,2,6102650,0.33
Jan 2024,SOM,18706931,current,2024-01-01,2024-03-31,3,3206080,0.17
Jan 2024,SOM,18706931,current,2024-01-01,2024-03-31,4,802030,0.04
Jan 2024,SOM,18706931,current,2024-01-01,2024-03-31,5,0,0
Jan 2024,SOM,18706931,first projection,2024-04-01,2024-06-30,all,18706931,1.0
Jan 2024,SOM,18706931,first projection,2024-04-01,2024-06-30,3+,3410240,0.18
Jan 2024,SOM,18706931,first projection,2024-04-01,2024-06-30,1,9291210,0.5
Jan 2024,SOM,18706931,first projection,2024-04-01,2024-06-30,2,6005450,0.32
Jan 2024,SOM,18706931,first projection,2024-04-01,2024-06-30,3,2695880,0.14
Jan 2024,SOM,18706931,first projection,2024-04-01,2024-06-30,4,714360,0.04
Jan 2024,SOM,18706931,first projection,2024-04-01,2024-06-30,5,0,0
Sep 2023,SSD,12613120,current,2023-09-01,2023-11-30,all,12613120,1.0
Sep 2023,SSD,12613120,current,2023-09-01,2023-11-30,3+,5828000,0.46
Sep 2023,SSD,12613120,current,2023-09-01,2023-11-30,1,2644000,0.21
Sep 2023,SSD,12613120,current,2023-09-01,2023-11-30,2,4141000,0.33
Sep 2023,SSD,12613120,current,2023-09-01,2023-11-30,3,4150000,0.33
Sep 2023,SSD,12613120,current,2023-09-01,2023-11-30,4,1643000,0.13
Sep 2023,SSD,12613120,current,2023-09-01,2023-11-30,5,35000,0
Sep 2023,SSD,12613120,first projection,2023-12-01,2024-03-31,all,12613120,1.0
Sep 2023,SSD,12613120,first projection,2023-12-01,2024-03-31,3+,5778000,0.46
Sep 2023,SSD,12613120,first projection,2023-12-01,2024-03-31,1,2747000,0.22
Sep 2023,SSD,12613120,first projection,2023-12-01,2024-03-31,2,4087000,0.32
Sep 2023,SSD,12613120,first projection,2023-12-01,2024-03-31,3,4040000,0.32
Sep 2023,SSD,12613120,first projection,2023-12-01,2024-03-31,4,1713000,0.14
Sep 2023,SSD,12613120,first projection,2023-12-01,2024-03-31,5,25000,0
Sep 2023,SSD,12613120,second projection,2024-04-01,2024-07-31,all,12613120,1.0
Sep 2023,SSD,12613120,second projection,2024-04-01,2024-07-31,3+,7099000,0.56
Sep 2023,SSD,12613120,second projection,2024-04-01,2024-07-31,1,2015000,0.16
Sep 2023,SSD,12613120,second projection,2024-04-01,2024-07-31,2,3501000,0.28
Sep 2023,SSD,12613120,second projection,2024-04-01,2024-07-31,3,4684000,0.37
Sep 2023,SSD,12613120,second projection,2024-04-01,2024-07-31,4,2336000,0.19
Sep 2023,SSD,12613120,second projection,2024-04-01,2024-07-31,5,79000,0
Jun 2024,SWZ,1198537,current,2024-06-01,2024-09-30,all,1204835,1.0
Jun 2024,SWZ,1198537,current,2024-06-01,2024-09-30,3+,243483,0.2
Jun 2024,SWZ,1198537,current,2024-06-01,2024-09-30,1,498581,0.41
Jun 2024,SWZ,1198537,current,2024-06-01,2024-09-30,2,462771,0.38
Jun 2024,SWZ,1198537,current,2024-06-01,2024-09-30,3,243483,0.2
Jun 2024,SWZ,1198537,current,2024-06-01,2024-09-30,4,0,0
Jun 2024,SWZ,1198537,current,2024-06-01,2024-09-30,5,0,0
Jun 2024,SWZ,1198537,first projection,2024-10-01,2025-03-31,all,1204835,1.0
Jun 2024,SWZ,1198537,first projection,2024-10-01,2025-03-31,3+,303725,0.25
Jun 2024,SWZ,1198537,first projection,2024-10-01,2025-03-31,1,440667,0.37
Jun 2024,SWZ,1198537,first projection,2024-10-01,2025-03-31,2,460443,0.38
Jun 2024,SWZ,1198537,first projection,2024-10-01,2025-03-31,3,269564,0.22
Jun 2024,SWZ,1198537,first projection,2024-10-01,2025-03-31,4,34161,0.03
Jun 2024,SWZ,1198537,first projection,2024-10-01,2025-03-31,5,0,0
Mar 2024,TCD,18675547,current,2024-03-01,2024-05-31,all,17141909,1.0
Mar 2024,TCD,18675547,current,2024-03-01,2024-05-31,3+,2401973,0.14
Mar 2024,TCD,18675547,current,2024-03-01,2024-05-31,1,10573060,0.62
Mar 2024,TCD,18675547,current,2024-03-01,2024-05-31,2,4166876,0.24
Mar 2024,TCD,18675547,current,2024-03-01,2024-05-31,3,2091476,0.12
Mar 2024,TCD,18675547,current,2024-03-01,2024-05-31,4,310497,0.02
Mar 2024,TCD,18675547,current,2024-03-01,2024-05-31,5,0,0
Mar 2024,TCD,18675547,first projection,2024-06-01,2024-08-31,all,17141909,1.0
Mar 2024,TCD,18675547,first projection,2024-06-01,2024-08-31,3+,3364452,0.2
Mar 2024,TCD,18675547,first projection,2024-06-01,2024-08-31,1,8731741,0.51
Mar 2024,TCD,18675547,first projection,2024-06-01,2024-08-31,2,5045716,0.29
Mar 2024,TCD,18675547,first projection,2024-06-01,2024-08-31,3,2830012,0.17
Mar 2024,TCD,18675547,first projection,2024-06-01,2024-08-31,4,534440,0.03
Mar 2024,TCD,18675547,first projection,2024-06-01,2024-08-31,5,0,0
Mar 2024,TGO,8472173,current,2024-03-01,2024-05-31,all,6181975,1.0
Mar 2024,TGO,8472173,current,2024-03-01,2024-05-31,3+,349872,0.06
Mar 2024,TGO,8472173,current,2024-03-01,2024-05-31,1,4523809,0.73
Mar 2024,TGO,8472173,current,2024-03-01,2024-05-31,2,1308294,0.21
Mar 2024,TGO,8472173,current,2024-03-01,2024-05-31,3,349872,0.06
Mar 2024,TGO,8472173,current,2024-03-01,2024-05-31,4,0,0
Mar 2024,TGO,8472173,current,2024-03-01,2024-05-31,5,0,0
Mar 2024,TGO,8472173,first projection,2024-06-01,2024-08-31,all,6181975,1.0
Mar 2024,TGO,8472173,first projection,2024-06-01,2024-08-31,3+,423165,0.07
Mar 2024,TGO,8472173,first projection,2024-06-01,2024-08-31,1,4519093,0.73
Mar 2024,TGO,8472173,first projection,2024-06-01,2024-08-31,2,1239717,0.2
Mar 2024,TGO,8472173,first projection,2024-06-01,2024-08-31,3,423165,0.07
Mar 2024,TGO,8472173,first projection,2024-06-01,2024-08-31,4,0,0
Mar 2024,TGO,8472173,first projection,2024-06-01,2024-08-31,5,0,0
Nov 2023,TLS,1340434,current,2023-11-01,2024-04-30,all,1340434,1.0
Nov 2023,TLS,1340434,current,2023-11-01,2024-04-30,3+,360097,0.27
Nov 2023,TLS,1340434,current,2023-11-01,2024-04-30,1,501542,0.37
Nov 2023,TLS,1340434,current,2023-11-01,2024-04-30,2,478795,0.36
Nov 2023,TLS,1340434,current,2023-11-01,2024-04-30,3,341505,0.26
Nov 2023,TLS,1340434,current,2023-11-01,2024-04-30,4,18592,0.01
Nov 2023,TLS,1340434,current,2023-11-01,2024-04-30,5,0,0
Nov 2023,TLS,1340434,first projection,2024-05-01,2024-09-30,all,1340434,1.0
Nov 2023,TLS,1340434,first projection,2024-05-01,2024-09-30,3+,363997,0.27
Nov 2023,TLS,1340434,first projection,2024-05-01,2024-09-30,1,482638,0.36
Nov 2023,TLS,1340434,first projection,2024-05-01,2024-09-30,2,493798,0.37
Nov 2023,TLS,1340434,first projection,2024-05-01,2024-09-30,3,341719,0.25
Nov 2023,TLS,1340434,first projection,2024-05-01,2024-09-30,4,22278,0.02
Nov 2023,TLS,1340434,first projection,2024-05-01,2024-09-30,5,0,0
Nov 2023,TZA,59851347,current,2023-11-01,2024-04-30,all,7087011,1.0
Nov 2023,TZA,59851347,current,2023-11-01,2024-04-30,3+,900001,0.13
Nov 2023,TZA,59851347,current,2023-11-01,2024-04-30,1,3976045,0.56
Nov 2023,TZA,59851347,current,2023-11-01,2024-04-30,2,2210965,0.31
Nov 2023,TZA,59851347,current,2023-11-01,2024-04-30,3,900001,0.13
Nov 2023,TZA,59851347,current,2023-11-01,2024-04-30,4,0,0
Nov 2023,TZA,59851347,current,2023-11-01,2024-04-30,5,0,0
Nov 2023,TZA,59851347,first projection,2024-05-01,2024-10-31,all,7087011,1.0
Nov 2023,TZA,59851347,first projection,2024-05-01,2024-10-31,3+,379476,0.05
Nov 2023,TZA,59851347,first projection,2024-05-01,2024-10-31,1,4977607,0.7
Nov 2023,TZA,59851347,first projection,2024-05-01,2024-10-31,2,1729928,0.24
Nov 2023,TZA,59851347,first projection,2024-05-01,2024-10-31,3,379476,0.05
Nov 2023,TZA,59851347,first projection,2024-05-01,2024-10-31,4,0,0
Nov 2023,TZA,59851347,first projection,2024-05-01,2024-10-31,5,0,0
Apr 2024,UGA,46930900,current,2024-03-01,2024-07-31,all,1325000,1.0
Apr 2024,UGA,46930900,current,2024-03-01,2024-07-31,3+,600110,0.45
Apr 2024,UGA,46930900,current,2024-03-01,2024-07-31,1,274915,0.21
Apr 2024,UGA,46930900,current,2024-03-01,2024-07-31,2,449975,0.34
Apr 2024,UGA,46930900,current,2024-03-01,2024-07-31,3,516410,0.39
Apr 2024,UGA,46930900,current,2024-03-01,2024-07-31,4,83700,0.06
Apr 2024,UGA,46930900,current,2024-03-01,2024-07-31,5,0,0
Apr 2024,UGA,46930900,first projection,2024-08-01,2025-02-28,all,1325000,1.0
Apr 2024,UGA,46930900,first projection,2024-08-01,2025-02-28,3+,401280,0.3
Apr 2024,UGA,46930900,first projection,2024-08-01,2025-02-28,1,378495,0.29
Apr 2024,UGA,46930900,first projection,2024-08-01,2025-02-28,2,545225,0.41
Apr 2024,UGA,46930900,first projection,2024-08-01,2025-02-28,3,374795,0.28
Apr 2024,UGA,46930900,first projection,2024-08-01,2025-02-28,4,26485,0.02
Apr 2024,UGA,46930900,first projection,2024-08-01,2025-02-28,5,0,0
Aug 2024,YEM,10156422,current,2024-07-01,2024-09-30,all,10156423,1.0
Aug 2024,YEM,10156422,current,2024-07-01,2024-09-30,3+,4647925,0.46
Aug 2024,YEM,10156422,current,2024-07-01,2024-09-30,1,2568361,0.25
Aug 2024,YEM,10156422,current,2024-07-01,2024-09-30,2,2940138,0.29
Aug 2024,YEM,10156422,current,2024-07-01,2024-09-30,3,3411347,0.34
Aug 2024,YEM,10156422,current,2024-07-01,2024-09-30,4,1236578,0.12
Aug 2024,YEM,10156422,current,2024-07-01,2024-09-30,5,0,0
Aug 2024,YEM,10156422,first projection,2024-10-01,2025-03-31,all,10287916,1.0
Aug 2024,YEM,10156422,first projection,2024-10-01,2025-03-31,3+,4634928,0.45
Aug 2024,YEM,10156422,first projection,2024-10-01,2025-03-31,1,2537760,0.25
Aug 2024,YEM,10156422,first projection,2024-10-01,2025-03-31,2,3115228,0.3
Aug 2024,YEM,10156422,first projection,2024-10-01,2025-03-31,3,3502236,0.34
Aug 2024,YEM,10156422,first projection,2024-10-01,2025-03-31,4,1132691,0.11
Aug 2024,YEM,10156422,first projection,2024-10-01,2025-03-31,5,0,0
Oct 2020,ZAF,59622350,current,2020-09-01,2020-12-31,all,59130437,1.0
Oct 2020,ZAF,59622350,current,2020-09-01,2020-12-31,3+,9335159,0.16
Oct 2020,ZAF,59622350,current,2020-09-01,2020-12-31,1,34950493,0.59
Oct 2020,ZAF,59622350,current,2020-09-01,2020-12-31,2,14844785,0.25
Oct 2020,ZAF,59622350,current,2020-09-01,2020-12-31,3,8175072,0.14
Oct 2020,ZAF,59622350,current,2020-09-01,2020-12-31,4,1160087,0.02
Oct 2020,ZAF,59622350,current,2020-09-01,2020-12-31,5,0,0
Oct 2020,ZAF,59622350,first projection,2021-01-01,2021-03-31,all,60124502,1.0
Oct 2020,ZAF,59622350,first projection,2021-01-01,2021-03-31,3+,11795949,0.2
Oct 2020,ZAF,59622350,first projection,2021-01-01,2021-03-31,1,29966227,0.5
Oct 2020,ZAF,59622350,first projection,2021-01-01,2021-03-31,2,18362327,0.31
Oct 2020,ZAF,59622350,first projection,2021-01-01,2021-03-31,3,9598771,0.16
Oct 2020,ZAF,59622350,first projection,2021-01-01,2021-03-31,4,2197177,0.04
Oct 2020,ZAF,59622350,first projection,2021-01-01,2021-03-31,5,0,0
Jul 2024,ZMB,19610769,current,2024-07-01,2024-09-30,all,17329398,1.0
Jul 2024,ZMB,19610769,current,2024-07-01,2024-09-30,3+,4951455,0.29
Jul 2024,ZMB,19610769,current,2024-07-01,2024-09-30,1,5150915,0.3
Jul 2024,ZMB,19610769,current,2024-07-01,2024-09-30,2,7227028,0.42
Jul 2024,ZMB,19610769,current,2024-07-01,2024-09-30,3,4867405,0.28
Jul 2024,ZMB,19610769,current,2024-07-01,2024-09-30,4,84050,0
Jul 2024,ZMB,19610769,current,2024-07-01,2024-09-30,5,0,0
Jul 2024,ZMB,19610769,first projection,2024-10-01,2025-03-31,all,17766278,1.0
Jul 2024,ZMB,19610769,first projection,2024-10-01,2025-03-31,3+,5832342,0.33
Jul 2024,ZMB,19610769,first projection,2024-10-01,2025-03-31,1,4411790,0.25
Jul 2024,ZMB,19610769,first projection,2024-10-01,2025-03-31,2,7522146,0.42
Jul 2024,ZMB,19610769,first projection,2024-10-01,2025-03-31,3,5596655,0.32
Jul 2024,ZMB,19610769,first projection,2024-10-01,2025-03-31,4,235687,0.01
Jul 2024,ZMB,19610769,first projection,2024-10-01,2025-03-31,5,0,0
Oct 2020,ZWE,15557469,current,2020-10-01,2020-12-31,all,9706118,1.0
Oct 2020,ZWE,15557469,current,2020-10-01,2020-12-31,3+,2605477,0.27
Oct 2020,ZWE,15557469,current,2020-10-01,2020-12-31,1,4222501,0.44
Oct 2020,ZWE,15557469,current,2020-10-01,2020-12-31,2,2878140,0.3
Oct 2020,ZWE,15557469,current,2020-10-01,2020-12-31,3,2017242,0.21
Oct 2020,ZWE,15557469,current,2020-10-01,2020-12-31,4,588235,0.06
Oct 2020,ZWE,15557469,current,2020-10-01,2020-12-31,5,0,0
Oct 2020,ZWE,15557469,first projection,2021-01-01,2021-03-31,all,9706118,1.0
Oct 2020,ZWE,15557469,first projection,2021-01-01,2021-03-31,3+,3380232,0.35
Oct 2020,ZWE,15557469,first projection,2021-01-01,2021-03-31,1,3221153,0.33
Oct 2020,ZWE,15557469,first projection,2021-01-01,2021-03-31,2,3104734,0.32
Oct 2020,ZWE,15557469,first projection,2021-01-01,2021-03-31,3,2611638,0.27
Oct 2020,ZWE,15557469,first projection,2021-01-01,2021-03-31,4,768594,0.08
Oct 2020,ZWE,15557469,first projection,2021-01-01,2021-03-31,5,0,0
